Voornaam,Achternaam,Email,Telnr,Functie,OUPad
Johan,Wilden,j.wilden@test.tld,011-1234560,Financieel,Directeur,"OU=CSVTest,DC=periode4,DC=nopo"
Walter,Boomstronk,w.boomstronk@test.tld,011-1234561,Logistiek,Medewerker,"OU=CSVTest,DC=periode4,DC=nopo"
Karel,Koffiemaker,k.koffiemaker@test.tld,011-1234562,Koffiezetter,"OU=CSVTest,DC=periode4,DC=nopo"
Mark,Lubberts,m.lubberts@test.tld,011-1234563,Wanhopige,Iter,"OU=CSVTest,DC=periode4,DC=nopo"
Jack,Lloyd,m.lubberts@test.tld,011-1234563,Wanhopige,Iter,"OU=CSVTest,DC=periode4,DC=nopo"
Joanne,Cole,m.lubberts@test.tld,011-1234563,Wanhopige,Iter,"OU=CSVTest,DC=periode4,DC=nopo"
Danny,Webster,m.lubberts@test.tld,011-1234563,Wanhopige,Iter,"OU=CSVTest,DC=periode4,DC=nopo"
Mike,Crawford,m.lubberts@test.tld,011-1234563,Wanhopige,Iter,"OU=CSVTest,DC=periode4,DC=nopo"
Opal,Ortega,m.lubberts@test.tld,011-1234563,Wanhopige,Iter,"OU=CSVTest,DC=periode4,DC=nopo"
Linda,Burton,m.lubberts@test.tld,011-1234563,Wanhopige,Iter,"OU=CSVTest,DC=periode4,DC=nopo"
Anita,Santiago,m.lubberts@test.tld,011-1234563,Wanhopige,Iter,"OU=CSVTest,DC=periode4,DC=nopo"
Maureen,Berry,m.lubberts@test.tld,011-1234563,Wanhopige,Iter,"OU=CSVTest,DC=periode4,DC=nopo"
Verna,Love,m.lubberts@test.tld,011-1234563,Wanhopige,Iter,"OU=CSVTest,DC=periode4,DC=nopo"
Milton,Young,m.lubberts@test.tld,011-1234563,Wanhopige,Iter,"OU=CSVTest,DC=periode4,DC=nopo"
Rex,Keller,m.lubberts@test.tld,011-1234563,Wanhopige,Iter,"OU=CSVTest,DC=periode4,DC=nopo"
Julie,Little,m.lubberts@test.tld,011-1234563,Wanhopige,Iter,"OU=CSVTest,DC=periode4,DC=nopo"
Leroy,Hart,m.lubberts@test.tld,011-1234563,Wanhopige,Iter,"OU=CSVTest,DC=periode4,DC=nopo"
Sabrina,Simmons,m.lubberts@test.tld,011-1234563,Wanhopige,Iter,"OU=CSVTest,DC=periode4,DC=nopo"
Perry,Kelley,m.lubberts@test.tld,011-1234563,Wanhopige,Iter,"OU=CSVTest,DC=periode4,DC=nopo"
Darlene,Stanley,m.lubberts@test.tld,011-1234563,Wanhopige,Iter,"OU=CSVTest,DC=periode4,DC=nopo"
Lula,Singleton,m.lubberts@test.tld,011-1234563,Wanhopige,Iter,"OU=CSVTest,DC=periode4,DC=nopo"
Erik,Edwards,m.lubberts@test.tld,011-1234563,Wanhopige,Iter,"OU=CSVTest,DC=periode4,DC=nopo"
Benny,Harvey,m.lubberts@test.tld,011-1234563,Wanhopige,Iter,"OU=CSVTest,DC=periode4,DC=nopo"
Tricia,Newman,m.lubberts@test.tld,011-1234563,Wanhopige,Iter,"OU=CSVTest,DC=periode4,DC=nopo"
Javier,Hall,m.lubberts@test.tld,011-1234563,Wanhopige,Iter,"OU=CSVTest,DC=periode4,DC=nopo"
Hannah,Welch,m.lubberts@test.tld,011-1234563,Wanhopige,Iter,"OU=CSVTest,DC=periode4,DC=nopo"
Maurice,Mathis,m.lubberts@test.tld,011-1234563,Wanhopige,Iter,"OU=CSVTest,DC=periode4,DC=nopo"
Joy,Parks,m.lubberts@test.tld,011-1234563,Wanhopige,Iter,"OU=CSVTest,DC=periode4,DC=nopo"
Ebony,Moreno,m.lubberts@test.tld,011-1234563,Wanhopige,Iter,"OU=CSVTest,DC=periode4,DC=nopo"
Barbara,Reese,m.lubberts@test.tld,011-1234563,Wanhopige,Iter,"OU=CSVTest,DC=periode4,DC=nopo"
Joshua,Mills,m.lubberts@test.tld,011-1234563,Wanhopige,Iter,"OU=CSVTest,DC=periode4,DC=nopo"
Johanna,Carr,m.lubberts@test.tld,011-1234563,Wanhopige,Iter,"OU=CSVTest,DC=periode4,DC=nopo"
Enrique,Wilkins,m.lubberts@test.tld,011-1234563,Wanhopige,Iter,"OU=CSVTest,DC=periode4,DC=nopo"
Jennie,Hardy,m.lubberts@test.tld,011-1234563,Wanhopige,Iter,"OU=CSVTest,DC=periode4,DC=nopo"
Ismael,Roberts,m.lubberts@test.tld,011-1234563,Wanhopige,Iter,"OU=CSVTest,DC=periode4,DC=nopo"
Lynn,Schmidt,m.lubberts@test.tld,011-1234563,Wanhopige,Iter,"OU=CSVTest,DC=periode4,DC=nopo"
Amanda,Harris,m.lubberts@test.tld,011-1234563,Wanhopige,Iter,"OU=CSVTest,DC=periode4,DC=nopo"
Shaun,Pope,m.lubberts@test.tld,011-1234563,Wanhopige,Iter,"OU=CSVTest,DC=periode4,DC=nopo"
Kristy,Schneider,m.lubberts@test.tld,011-1234563,Wanhopige,Iter,"OU=CSVTest,DC=periode4,DC=nopo"
Tasha,Vasquez,m.lubberts@test.tld,011-1234563,Wanhopige,Iter,"OU=CSVTest,DC=periode4,DC=nopo"
Irma,Delgado,m.lubberts@test.tld,011-1234563,Wanhopige,Iter,"OU=CSVTest,DC=periode4,DC=nopo"
Rochelle,Buchanan,m.lubberts@test.tld,011-1234563,Wanhopige,Iter,"OU=CSVTest,DC=periode4,DC=nopo"
Seth,Turner,m.lubberts@test.tld,011-1234563,Wanhopige,Iter,"OU=CSVTest,DC=periode4,DC=nopo"
Lila,Robertson,m.lubberts@test.tld,011-1234563,Wanhopige,Iter,"OU=CSVTest,DC=periode4,DC=nopo"
Belinda,Poole,m.lubberts@test.tld,011-1234563,Wanhopige,Iter,"OU=CSVTest,DC=periode4,DC=nopo"
Kara,Miller,m.lubberts@test.tld,011-1234563,Wanhopige,Iter,"OU=CSVTest,DC=periode4,DC=nopo"
Kellie,Green,m.lubberts@test.tld,011-1234563,Wanhopige,Iter,"OU=CSVTest,DC=periode4,DC=nopo"
Clara,Nash,m.lubberts@test.tld,011-1234563,Wanhopige,Iter,"OU=CSVTest,DC=periode4,DC=nopo"
Theresa,Reeves,m.lubberts@test.tld,011-1234563,Wanhopige,Iter,"OU=CSVTest,DC=periode4,DC=nopo"
Darin,Mckinney,m.lubberts@test.tld,011-1234563,Wanhopige,Iter,"OU=CSVTest,DC=periode4,DC=nopo"
Brendan,Sharp,m.lubberts@test.tld,011-1234563,Wanhopige,Iter,"OU=CSVTest,DC=periode4,DC=nopo"
Karl,Munoz,m.lubberts@test.tld,011-1234563,Wanhopige,Iter,"OU=CSVTest,DC=periode4,DC=nopo"
Edna,Cummings,m.lubberts@test.tld,011-1234563,Wanhopige,Iter,"OU=CSVTest,DC=periode4,DC=nopo"
Mildred,Guzman,m.lubberts@test.tld,011-1234563,Wanhopige,Iter,"OU=CSVTest,DC=periode4,DC=nopo"
Inez,Adkins,m.lubberts@test.tld,011-1234563,Wanhopige,Iter,"OU=CSVTest,DC=periode4,DC=nopo"
Camille,Flowers,m.lubberts@test.tld,011-1234563,Wanhopige,Iter,"OU=CSVTest,DC=periode4,DC=nopo"
Irvin,Reyes,m.lubberts@test.tld,011-1234563,Wanhopige,Iter,"OU=CSVTest,DC=periode4,DC=nopo"
Albert,Nguyen,m.lubberts@test.tld,011-1234563,Wanhopige,Iter,"OU=CSVTest,DC=periode4,DC=nopo"
Jim,Ingram,m.lubberts@test.tld,011-1234563,Wanhopige,Iter,"OU=CSVTest,DC=periode4,DC=nopo"
Ernesto,Andrews,m.lubberts@test.tld,011-1234563,Wanhopige,Iter,"OU=CSVTest,DC=periode4,DC=nopo"
Arnold,Woods,m.lubberts@test.tld,011-1234563,Wanhopige,Iter,"OU=CSVTest,DC=periode4,DC=nopo"
Brooke,Sutton,m.lubberts@test.tld,011-1234563,Wanhopige,Iter,"OU=CSVTest,DC=periode4,DC=nopo"
Josefina,White,m.lubberts@test.tld,011-1234563,Wanhopige,Iter,"OU=CSVTest,DC=periode4,DC=nopo"
Sally,Doyle,m.lubberts@test.tld,011-1234563,Wanhopige,Iter,"OU=CSVTest,DC=periode4,DC=nopo"
Dan,Ray,m.lubberts@test.tld,011-1234563,Wanhopige,Iter,"OU=CSVTest,DC=periode4,DC=nopo"
Pat,Bell,m.lubberts@test.tld,011-1234563,Wanhopige,Iter,"OU=CSVTest,DC=periode4,DC=nopo"
Lori,Walters,m.lubberts@test.tld,011-1234563,Wanhopige,Iter,"OU=CSVTest,DC=periode4,DC=nopo"
Ramona,King,m.lubberts@test.tld,011-1234563,Wanhopige,Iter,"OU=CSVTest,DC=periode4,DC=nopo"
Shane,Fleming,m.lubberts@test.tld,011-1234563,Wanhopige,Iter,"OU=CSVTest,DC=periode4,DC=nopo"
Kristi,Paul,m.lubberts@test.tld,011-1234563,Wanhopige,Iter,"OU=CSVTest,DC=periode4,DC=nopo"
Andrea,Sims,m.lubberts@test.tld,011-1234563,Wanhopige,Iter,"OU=CSVTest,DC=periode4,DC=nopo"
Kevin,Long,m.lubberts@test.tld,011-1234563,Wanhopige,Iter,"OU=CSVTest,DC=periode4,DC=nopo"
Marco,Chandler,m.lubberts@test.tld,011-1234563,Wanhopige,Iter,"OU=CSVTest,DC=periode4,DC=nopo"
Kim,Pena,m.lubberts@test.tld,011-1234563,Wanhopige,Iter,"OU=CSVTest,DC=periode4,DC=nopo"
Grant,Harmon,m.lubberts@test.tld,011-1234563,Wanhopige,Iter,"OU=CSVTest,DC=periode4,DC=nopo"
Angelica,Townsend,m.lubberts@test.tld,011-1234563,Wanhopige,Iter,"OU=CSVTest,DC=periode4,DC=nopo"
Julia,Nichols,m.lubberts@test.tld,011-1234563,Wanhopige,Iter,"OU=CSVTest,DC=periode4,DC=nopo"
Tom,Neal,m.lubberts@test.tld,011-1234563,Wanhopige,Iter,"OU=CSVTest,DC=periode4,DC=nopo"
Devin,Robbins,m.lubberts@test.tld,011-1234563,Wanhopige,Iter,"OU=CSVTest,DC=periode4,DC=nopo"
Marie,Carroll,m.lubberts@test.tld,011-1234563,Wanhopige,Iter,"OU=CSVTest,DC=periode4,DC=nopo"
Jimmy,Henderson,m.lubberts@test.tld,011-1234563,Wanhopige,Iter,"OU=CSVTest,DC=periode4,DC=nopo"
Domingo,Spencer,m.lubberts@test.tld,011-1234563,Wanhopige,Iter,"OU=CSVTest,DC=periode4,DC=nopo"
Emmett,Aguilar,m.lubberts@test.tld,011-1234563,Wanhopige,Iter,"OU=CSVTest,DC=periode4,DC=nopo"
Charlie,Cain,m.lubberts@test.tld,011-1234563,Wanhopige,Iter,"OU=CSVTest,DC=periode4,DC=nopo"
May,Rogers,m.lubberts@test.tld,011-1234563,Wanhopige,Iter,"OU=CSVTest,DC=periode4,DC=nopo"
Yvette,Riley,m.lubberts@test.tld,011-1234563,Wanhopige,Iter,"OU=CSVTest,DC=periode4,DC=nopo"
Flora,Conner,m.lubberts@test.tld,011-1234563,Wanhopige,Iter,"OU=CSVTest,DC=periode4,DC=nopo"
Neal,Morales,m.lubberts@test.tld,011-1234563,Wanhopige,Iter,"OU=CSVTest,DC=periode4,DC=nopo"
Michele,Manning,m.lubberts@test.tld,011-1234563,Wanhopige,Iter,"OU=CSVTest,DC=periode4,DC=nopo"
Mindy,Barnett,m.lubberts@test.tld,011-1234563,Wanhopige,Iter,"OU=CSVTest,DC=periode4,DC=nopo"
Jesus,Wise,m.lubberts@test.tld,011-1234563,Wanhopige,Iter,"OU=CSVTest,DC=periode4,DC=nopo"
Rose,Hogan,m.lubberts@test.tld,011-1234563,Wanhopige,Iter,"OU=CSVTest,DC=periode4,DC=nopo"
Katie,Lopez,m.lubberts@test.tld,011-1234563,Wanhopige,Iter,"OU=CSVTest,DC=periode4,DC=nopo"
Katrina,Cross,m.lubberts@test.tld,011-1234563,Wanhopige,Iter,"OU=CSVTest,DC=periode4,DC=nopo"
Gina,Bryant,m.lubberts@test.tld,011-1234563,Wanhopige,Iter,"OU=CSVTest,DC=periode4,DC=nopo"
Julian,Scott,m.lubberts@test.tld,011-1234563,Wanhopige,Iter,"OU=CSVTest,DC=periode4,DC=nopo"
Estelle,Lawrence,m.lubberts@test.tld,011-1234563,Wanhopige,Iter,"OU=CSVTest,DC=periode4,DC=nopo"
Dallas,Graves,m.lubberts@test.tld,011-1234563,Wanhopige,Iter,"OU=CSVTest,DC=periode4,DC=nopo"
Josephine,Gardner,m.lubberts@test.tld,011-1234563,Wanhopige,Iter,"OU=CSVTest,DC=periode4,DC=nopo"
Gary,Dunn,m.lubberts@test.tld,011-1234563,Wanhopige,Iter,"OU=CSVTest,DC=periode4,DC=nopo"
Kim,Gibson,m.lubberts@test.tld,011-1234563,Wanhopige,Iter,"OU=CSVTest,DC=periode4,DC=nopo"
Eddie,Barton,m.lubberts@test.tld,011-1234563,Wanhopige,Iter,"OU=CSVTest,DC=periode4,DC=nopo"
Sherry,Howell,m.lubberts@test.tld,011-1234563,Wanhopige,Iter,"OU=CSVTest,DC=periode4,DC=nopo"
Vincent,Mcguire,m.lubberts@test.tld,011-1234563,Wanhopige,Iter,"OU=CSVTest,DC=periode4,DC=nopo"